NC_015119.1:1426-2962	gi|336287921|gb|AEI30249.1|	38.281	128	75	2	238	612	2	128	2.29e-15	74.7
NC_015119.1:1426-2962	gi|336287923|gb|AEI30250.1|	38.281	128	75	2	238	612	2	128	2.29e-15	74.7
NC_015119.1:1426-2962	gi|336287885|gb|AEI30231.1|	38.281	128	75	2	238	612	2	128	8.02e-15	73.2
NC_015119.1:1426-2962	gi|336287889|gb|AEI30233.1|	38.281	128	75	2	238	612	2	128	8.02e-15	73.2
NC_015119.1:1426-2962	gi|336287893|gb|AEI30235.1|	38.281	128	75	2	238	612	2	128	8.02e-15	73.2
NC_015119.1:1426-2962	gi|336287901|gb|AEI30239.1|	38.281	128	75	2	238	612	2	128	8.02e-15	73.2
NC_015119.1:1426-2962	gi|336287909|gb|AEI30243.1|	38.281	128	75	2	238	612	2	128	8.02e-15	73.2
NC_015119.1:1426-2962	gi|336287913|gb|AEI30245.1|	38.281	128	75	2	238	612	2	128	8.02e-15	73.2
NC_015119.1:1426-2962	gi|336287883|gb|AEI30230.1|	38.281	128	75	2	238	612	2	128	8.02e-15	73.2
NC_015119.1:1426-2962	gi|336287887|gb|AEI30232.1|	38.281	128	75	2	238	612	2	128	8.02e-15	73.2
NC_015119.1:1426-2962	gi|336287891|gb|AEI30234.1|	38.281	128	75	2	238	612	2	128	8.02e-15	73.2
NC_015119.1:1426-2962	gi|336287899|gb|AEI30238.1|	38.281	128	75	2	238	612	2	128	8.02e-15	73.2
NC_015119.1:1426-2962	gi|336287903|gb|AEI30240.1|	38.281	128	75	2	238	612	2	128	8.02e-15	73.2
NC_015119.1:1426-2962	gi|336287907|gb|AEI30242.1|	38.281	128	75	2	238	612	2	128	8.02e-15	73.2
NC_015119.1:1426-2962	gi|336287911|gb|AEI30244.1|	38.281	128	75	2	238	612	2	128	8.02e-15	73.2
NC_015119.1:1426-2962	gi|324524638|gb|ADY48446.1|	60.563	71	28	0	850	1062	14	84	8.83e-15	70.5
NC_015119.1:1426-2962	gi|336287905|gb|AEI30241.1|	38.281	128	75	2	238	612	2	128	9.29e-15	72.8
NC_015119.1:1426-2962	gi|336287915|gb|AEI30246.1|	37.500	128	76	2	238	612	2	128	1.16e-14	72.4
NC_015119.1:1426-2962	gi|336287919|gb|AEI30248.1|	37.500	128	76	2	238	612	2	128	1.16e-14	72.4
NC_015119.1:1426-2962	gi|336287881|gb|AEI30229.1|	37.500	128	76	2	238	612	2	128	3.06e-14	70.9
NC_015119.1:1426-2962	gi|336287897|gb|AEI30237.1|	37.500	128	76	2	238	612	2	128	3.06e-14	70.9
NC_015119.1:1426-2962	gi|336287895|gb|AEI30236.1|	37.500	128	76	2	238	612	2	128	3.06e-14	70.9
NC_015119.1:1426-2962	gi|336287917|gb|AEI30247.1|	37.500	128	76	2	238	612	2	128	3.09e-14	71.2
NC_015119.1:1426-2962	gi|324575380|gb|ADY49966.1|	80.556	36	7	0	1063	1170	1	36	3.15e-12	61.6
NC_015119.1:1426-2962	gi|401664211|dbj|BAM36458.1|	65.432	81	28	0	748	990	1	81	3.34e-10	57.4
