NC_015119.1:1426-2962	gi|50982003|gb|AAT91671.1|	64.734	207	72	1	256	876	1	206	4.80e-61	199
NC_015119.1:1426-2962	gi|50981977|gb|AAT91658.1|	63.768	207	74	1	256	876	1	206	7.04e-61	199
NC_015119.1:1426-2962	gi|50982059|gb|AAT91699.1|	64.251	207	73	1	256	876	1	206	7.50e-61	199
NC_015119.1:1426-2962	gi|50982043|gb|AAT91691.1|	64.251	207	73	1	256	876	1	206	8.43e-61	199
NC_015119.1:1426-2962	gi|50982015|gb|AAT91677.1|	64.251	207	73	1	256	876	1	206	1.16e-60	199
NC_015119.1:1426-2962	gi|50982079|gb|AAT91709.1|	62.802	207	76	1	256	876	1	206	1.32e-60	198
NC_015119.1:1426-2962	gi|50982025|gb|AAT91682.1|	63.768	207	74	1	256	876	1	206	1.61e-60	198
NC_015119.1:1426-2962	gi|50982083|gb|AAT91711.1|	64.251	207	73	1	256	876	1	206	1.68e-60	198
NC_015119.1:1426-2962	gi|50982081|gb|AAT91710.1|	64.251	207	73	1	256	876	1	206	1.68e-60	198
NC_015119.1:1426-2962	gi|50982017|gb|AAT91678.1|	63.768	207	74	1	256	876	1	206	2.12e-60	198
NC_015119.1:1426-2962	gi|50981957|gb|AAT91648.1|	64.251	207	73	1	256	876	1	206	2.41e-60	198
NC_015119.1:1426-2962	gi|50982021|gb|AAT91680.1|	64.251	207	73	1	256	876	1	206	2.41e-60	198
NC_015119.1:1426-2962	gi|50982045|gb|AAT91692.1|	64.251	207	73	1	256	876	1	206	2.41e-60	198
NC_015119.1:1426-2962	gi|50981953|gb|AAT91646.1|	63.768	207	74	1	256	876	1	206	3.22e-60	197
NC_015119.1:1426-2962	gi|50982033|gb|AAT91686.1|	63.768	207	74	1	256	876	1	206	3.81e-60	197
NC_015119.1:1426-2962	gi|50981981|gb|AAT91660.1|	63.285	207	75	1	256	876	1	206	4.15e-60	197
NC_015119.1:1426-2962	gi|50982041|gb|AAT91690.1|	64.251	207	73	1	256	876	1	206	4.47e-60	197
NC_015119.1:1426-2962	gi|50982089|gb|AAT91714.1|	63.285	207	75	1	256	876	1	206	7.76e-60	196
NC_015119.1:1426-2962	gi|50982085|gb|AAT91712.1|	63.768	207	74	1	256	876	1	206	1.35e-59	196
NC_015119.1:1426-2962	gi|50982005|gb|AAT91672.1|	63.768	207	74	1	256	876	1	206	9.59e-59	194
NC_015119.1:1426-2962	gi|50982057|gb|AAT91698.1|	63.768	207	74	1	256	876	1	206	2.44e-58	192
NC_015119.1:1426-2962	gi|50982037|gb|AAT91688.1|	64.251	207	73	1	256	876	1	206	5.29e-58	192
NC_015119.1:1426-2962	gi|50981961|gb|AAT91650.1|	62.319	207	77	1	256	876	1	206	5.88e-58	191
NC_015119.1:1426-2962	gi|50982011|gb|AAT91675.1|	62.319	207	77	1	256	876	1	206	2.97e-57	190
NC_015119.1:1426-2962	gi|50981987|gb|AAT91663.1|	63.285	207	75	1	256	876	1	206	3.00e-57	190
NC_015119.1:1426-2962	gi|50981985|gb|AAT91662.1|	60.386	207	81	1	256	876	1	206	1.96e-56	187
NC_015119.1:1426-2962	gi|50982031|gb|AAT91685.1|	62.802	207	76	1	256	876	1	206	9.45e-56	186
NC_015119.1:1426-2962	gi|50982063|gb|AAT91701.1|	61.353	207	79	1	256	876	1	206	1.31e-53	180
NC_015119.1:1426-2962	gi|395486326|gb|AFN67108.1|	46.667	225	119	1	232	906	6	229	1.74e-48	167
NC_015119.1:1426-2962	gi|395486324|gb|AFN67107.1|	46.667	225	119	1	232	906	6	229	1.86e-48	167
NC_015119.1:1426-2962	gi|395486322|gb|AFN67106.1|	46.667	225	119	1	232	906	13	236	1.90e-48	167
NC_015119.1:1426-2962	gi|395486328|gb|AFN67109.1|	46.396	222	118	1	232	897	6	226	2.16e-46	162
NC_015119.1:1426-2962	gi|392282155|gb|AFM53696.1|	48.000	175	90	1	274	798	1	174	3.18e-39	142
NC_015119.1:1426-2962	gi|338970774|gb|AEJ33700.1|	60.440	182	71	1	100	645	3	183	2.71e-38	139
NC_015119.1:1426-2962	gi|338970778|gb|AEJ33702.1|	60.440	182	71	1	100	645	3	183	2.71e-38	139
NC_015119.1:1426-2962	gi|338970782|gb|AEJ33704.1|	60.440	182	71	1	100	645	3	183	2.71e-38	139
NC_015119.1:1426-2962	gi|338970786|gb|AEJ33706.1|	60.440	182	71	1	100	645	3	183	2.71e-38	139
NC_015119.1:1426-2962	gi|338970790|gb|AEJ33708.1|	60.440	182	71	1	100	645	3	183	2.71e-38	139
NC_015119.1:1426-2962	gi|338970794|gb|AEJ33710.1|	60.440	182	71	1	100	645	3	183	2.71e-38	139
NC_015119.1:1426-2962	gi|338970798|gb|AEJ33712.1|	60.440	182	71	1	100	645	3	183	2.71e-38	139
NC_015119.1:1426-2962	gi|338970802|gb|AEJ33714.1|	60.440	182	71	1	100	645	3	183	2.71e-38	139
NC_015119.1:1426-2962	gi|338970806|gb|AEJ33716.1|	60.440	182	71	1	100	645	3	183	2.71e-38	139
NC_015119.1:1426-2962	gi|338970814|gb|AEJ33720.1|	60.440	182	71	1	100	645	3	183	2.71e-38	139
NC_015119.1:1426-2962	gi|338970818|gb|AEJ33722.1|	60.440	182	71	1	100	645	3	183	2.71e-38	139
NC_015119.1:1426-2962	gi|338970846|gb|AEJ33736.1|	60.440	182	71	1	100	645	3	183	2.71e-38	139
NC_015119.1:1426-2962	gi|338970850|gb|AEJ33738.1|	60.440	182	71	1	100	645	3	183	2.71e-38	139
NC_015119.1:1426-2962	gi|338970854|gb|AEJ33740.1|	60.440	182	71	1	100	645	3	183	2.71e-38	139
NC_015119.1:1426-2962	gi|338970878|gb|AEJ33752.1|	60.440	182	71	1	100	645	3	183	2.71e-38	139
NC_015119.1:1426-2962	gi|338970882|gb|AEJ33754.1|	60.440	182	71	1	100	645	3	183	2.71e-38	139
NC_015119.1:1426-2962	gi|338970886|gb|AEJ33756.1|	60.440	182	71	1	100	645	3	183	2.71e-38	139
NC_015119.1:1426-2962	gi|338970890|gb|AEJ33758.1|	60.440	182	71	1	100	645	3	183	2.71e-38	139
NC_015119.1:1426-2962	gi|338970894|gb|AEJ33760.1|	60.440	182	71	1	100	645	3	183	2.71e-38	139
NC_015119.1:1426-2962	gi|338970898|gb|AEJ33762.1|	60.440	182	71	1	100	645	3	183	2.71e-38	139
NC_015119.1:1426-2962	gi|338970902|gb|AEJ33764.1|	60.440	182	71	1	100	645	3	183	2.71e-38	139
NC_015119.1:1426-2962	gi|338970906|gb|AEJ33766.1|	60.440	182	71	1	100	645	3	183	2.71e-38	139
NC_015119.1:1426-2962	gi|338970768|gb|AEJ33697.1|	60.440	182	71	1	100	645	3	183	2.71e-38	139
NC_015119.1:1426-2962	gi|338970772|gb|AEJ33699.1|	60.440	182	71	1	100	645	3	183	2.71e-38	139
NC_015119.1:1426-2962	gi|338970776|gb|AEJ33701.1|	60.440	182	71	1	100	645	3	183	2.71e-38	139
NC_015119.1:1426-2962	gi|338970780|gb|AEJ33703.1|	60.440	182	71	1	100	645	3	183	2.71e-38	139
NC_015119.1:1426-2962	gi|338970784|gb|AEJ33705.1|	60.440	182	71	1	100	645	3	183	2.71e-38	139
NC_015119.1:1426-2962	gi|338970792|gb|AEJ33709.1|	60.440	182	71	1	100	645	3	183	2.71e-38	139
NC_015119.1:1426-2962	gi|338970796|gb|AEJ33711.1|	60.440	182	71	1	100	645	3	183	2.71e-38	139
NC_015119.1:1426-2962	gi|338970800|gb|AEJ33713.1|	60.440	182	71	1	100	645	3	183	2.71e-38	139
NC_015119.1:1426-2962	gi|338970804|gb|AEJ33715.1|	60.440	182	71	1	100	645	3	183	2.71e-38	139
NC_015119.1:1426-2962	gi|338970816|gb|AEJ33721.1|	60.440	182	71	1	100	645	3	183	2.71e-38	139
NC_015119.1:1426-2962	gi|338970844|gb|AEJ33735.1|	60.440	182	71	1	100	645	3	183	2.71e-38	139
NC_015119.1:1426-2962	gi|338970848|gb|AEJ33737.1|	60.440	182	71	1	100	645	3	183	2.71e-38	139
NC_015119.1:1426-2962	gi|338970852|gb|AEJ33739.1|	60.440	182	71	1	100	645	3	183	2.71e-38	139
NC_015119.1:1426-2962	gi|338970876|gb|AEJ33751.1|	60.440	182	71	1	100	645	3	183	2.71e-38	139
NC_015119.1:1426-2962	gi|338970880|gb|AEJ33753.1|	60.440	182	71	1	100	645	3	183	2.71e-38	139
NC_015119.1:1426-2962	gi|338970888|gb|AEJ33757.1|	60.440	182	71	1	100	645	3	183	2.71e-38	139
NC_015119.1:1426-2962	gi|338970896|gb|AEJ33761.1|	60.440	182	71	1	100	645	3	183	2.71e-38	139
NC_015119.1:1426-2962	gi|338970900|gb|AEJ33763.1|	60.440	182	71	1	100	645	3	183	2.71e-38	139
NC_015119.1:1426-2962	gi|338970904|gb|AEJ33765.1|	60.440	182	71	1	100	645	3	183	2.71e-38	139
NC_015119.1:1426-2962	gi|338970908|gb|AEJ33767.1|	60.440	182	71	1	100	645	3	183	2.71e-38	139
NC_015119.1:1426-2962	gi|338970788|gb|AEJ33707.1|	60.440	182	71	1	100	645	3	183	3.33e-38	138
NC_015119.1:1426-2962	gi|338970884|gb|AEJ33755.1|	60.440	182	71	1	100	645	3	183	4.58e-38	138
NC_015119.1:1426-2962	gi|338970770|gb|AEJ33698.1|	59.890	182	72	1	100	645	3	183	4.67e-38	138
NC_015119.1:1426-2962	gi|338970892|gb|AEJ33759.1|	59.890	182	72	1	100	645	3	183	4.67e-38	138
NC_015119.1:1426-2962	gi|338970810|gb|AEJ33718.1|	58.791	182	74	1	100	645	3	183	5.86e-38	138
NC_015119.1:1426-2962	gi|338970808|gb|AEJ33717.1|	60.440	182	71	1	100	645	3	183	6.29e-38	137
NC_015119.1:1426-2962	gi|338970812|gb|AEJ33719.1|	60.440	182	71	1	100	645	3	183	6.29e-38	137
NC_015119.1:1426-2962	gi|338970830|gb|AEJ33728.1|	58.242	182	75	1	100	645	3	183	9.99e-38	137
NC_015119.1:1426-2962	gi|338970842|gb|AEJ33734.1|	58.242	182	75	1	100	645	3	183	9.99e-38	137
NC_015119.1:1426-2962	gi|338970820|gb|AEJ33723.1|	58.242	182	75	1	100	645	3	183	9.99e-38	137
NC_015119.1:1426-2962	gi|338970832|gb|AEJ33729.1|	58.242	182	75	1	100	645	3	183	9.99e-38	137
NC_015119.1:1426-2962	gi|338970840|gb|AEJ33733.1|	58.242	182	75	1	100	645	3	183	9.99e-38	137
NC_015119.1:1426-2962	gi|338970722|gb|AEJ33674.1|	59.341	182	73	1	100	645	3	183	1.23e-37	137
NC_015119.1:1426-2962	gi|338970726|gb|AEJ33676.1|	59.341	182	73	1	100	645	3	183	1.23e-37	137
NC_015119.1:1426-2962	gi|338970730|gb|AEJ33678.1|	59.341	182	73	1	100	645	3	183	1.23e-37	137
NC_015119.1:1426-2962	gi|338970738|gb|AEJ33682.1|	59.890	182	72	1	100	645	3	183	1.23e-37	137
NC_015119.1:1426-2962	gi|338970742|gb|AEJ33684.1|	59.890	182	72	1	100	645	3	183	1.23e-37	137
NC_015119.1:1426-2962	gi|338970746|gb|AEJ33686.1|	59.890	182	72	1	100	645	3	183	1.23e-37	137
NC_015119.1:1426-2962	gi|338970750|gb|AEJ33688.1|	59.890	182	72	1	100	645	3	183	1.23e-37	137
NC_015119.1:1426-2962	gi|338970754|gb|AEJ33690.1|	59.890	182	72	1	100	645	3	183	1.23e-37	137
NC_015119.1:1426-2962	gi|338970758|gb|AEJ33692.1|	59.890	182	72	1	100	645	3	183	1.23e-37	137
NC_015119.1:1426-2962	gi|338970762|gb|AEJ33694.1|	59.890	182	72	1	100	645	3	183	1.23e-37	137
NC_015119.1:1426-2962	gi|338970766|gb|AEJ33696.1|	59.890	182	72	1	100	645	3	183	1.23e-37	137
NC_015119.1:1426-2962	gi|338970724|gb|AEJ33675.1|	59.341	182	73	1	100	645	3	183	1.23e-37	137
NC_015119.1:1426-2962	gi|338970728|gb|AEJ33677.1|	59.341	182	73	1	100	645	3	183	1.23e-37	137
NC_015119.1:1426-2962	gi|338970732|gb|AEJ33679.1|	59.341	182	73	1	100	645	3	183	1.23e-37	137
NC_015119.1:1426-2962	gi|338970736|gb|AEJ33681.1|	59.341	182	73	1	100	645	3	183	1.23e-37	137
NC_015119.1:1426-2962	gi|338970740|gb|AEJ33683.1|	59.890	182	72	1	100	645	3	183	1.23e-37	137
NC_015119.1:1426-2962	gi|338970744|gb|AEJ33685.1|	59.890	182	72	1	100	645	3	183	1.23e-37	137
NC_015119.1:1426-2962	gi|338970748|gb|AEJ33687.1|	59.890	182	72	1	100	645	3	183	1.23e-37	137
NC_015119.1:1426-2962	gi|338970752|gb|AEJ33689.1|	59.890	182	72	1	100	645	3	183	1.23e-37	137
NC_015119.1:1426-2962	gi|338970756|gb|AEJ33691.1|	59.890	182	72	1	100	645	3	183	1.23e-37	137
NC_015119.1:1426-2962	gi|338970764|gb|AEJ33695.1|	59.890	182	72	1	100	645	3	183	1.23e-37	137
NC_015119.1:1426-2962	gi|338970734|gb|AEJ33680.1|	59.890	182	72	1	100	645	3	183	1.30e-37	137
NC_015119.1:1426-2962	gi|338970720|gb|AEJ33673.1|	59.890	182	72	1	100	645	3	183	1.30e-37	137
NC_015119.1:1426-2962	gi|392282153|gb|AFM53695.1|	47.429	175	91	1	274	798	1	174	1.50e-37	137
NC_015119.1:1426-2962	gi|338970838|gb|AEJ33732.1|	59.341	182	73	1	100	645	3	183	1.81e-37	136
NC_015119.1:1426-2962	gi|338970858|gb|AEJ33742.1|	59.341	182	73	1	100	645	3	183	1.81e-37	136
NC_015119.1:1426-2962	gi|338970862|gb|AEJ33744.1|	59.341	182	73	1	100	645	3	183	1.81e-37	136
NC_015119.1:1426-2962	gi|338970866|gb|AEJ33746.1|	59.341	182	73	1	100	645	3	183	1.81e-37	136
NC_015119.1:1426-2962	gi|338970870|gb|AEJ33748.1|	59.341	182	73	1	100	645	3	183	1.81e-37	136
NC_015119.1:1426-2962	gi|338970874|gb|AEJ33750.1|	59.341	182	73	1	100	645	3	183	1.81e-37	136
NC_015119.1:1426-2962	gi|338970836|gb|AEJ33731.1|	59.341	182	73	1	100	645	3	183	1.81e-37	136
NC_015119.1:1426-2962	gi|338970856|gb|AEJ33741.1|	59.341	182	73	1	100	645	3	183	1.81e-37	136
NC_015119.1:1426-2962	gi|338970860|gb|AEJ33743.1|	59.341	182	73	1	100	645	3	183	1.81e-37	136
NC_015119.1:1426-2962	gi|338970864|gb|AEJ33745.1|	59.341	182	73	1	100	645	3	183	1.81e-37	136
NC_015119.1:1426-2962	gi|338970872|gb|AEJ33749.1|	59.341	182	73	1	100	645	3	183	1.81e-37	136
NC_015119.1:1426-2962	gi|338970822|gb|AEJ33724.1|	58.791	182	74	1	100	645	3	183	2.62e-37	136
NC_015119.1:1426-2962	gi|338970826|gb|AEJ33726.1|	58.791	182	74	1	100	645	3	183	2.62e-37	136
NC_015119.1:1426-2962	gi|338970834|gb|AEJ33730.1|	58.791	182	74	1	100	645	3	183	2.62e-37	136
NC_015119.1:1426-2962	gi|338970824|gb|AEJ33725.1|	58.791	182	74	1	100	645	3	183	2.62e-37	136
NC_015119.1:1426-2962	gi|338970828|gb|AEJ33727.1|	58.791	182	74	1	100	645	3	183	2.62e-37	136
NC_015119.1:1426-2962	gi|338970868|gb|AEJ33747.1|	58.791	182	74	1	100	645	3	183	2.62e-37	136
NC_015119.1:1426-2962	gi|338970760|gb|AEJ33693.1|	59.341	182	73	1	100	645	3	183	5.16e-37	135
NC_015119.1:1426-2962	gi|346722066|gb|AEO50750.1|	46.893	177	93	1	268	798	1	176	1.00e-36	135
NC_015119.1:1426-2962	gi|346722064|gb|AEO50749.1|	47.159	176	92	1	271	798	1	175	1.49e-36	134
NC_015119.1:1426-2962	gi|346722068|gb|AEO50751.1|	47.159	176	92	1	271	798	1	175	1.49e-36	134
NC_015119.1:1426-2962	gi|402580522|gb|EJW74472.1|	42.077	183	84	2	250	798	1	161	3.71e-35	133
NC_015119.1:1426-2962	gi|402580522|gb|EJW74472.1|	47.573	103	54	0	1027	1335	171	273	8.16e-24	101
NC_015119.1:1426-2962	gi|402693622|gb|AFQ89878.1|	67.939	131	42	0	727	1119	1	131	1.07e-34	127
NC_015119.1:1426-2962	gi|402693626|gb|AFQ89880.1|	67.939	131	42	0	727	1119	1	131	1.07e-34	127
NC_015119.1:1426-2962	gi|402693630|gb|AFQ89882.1|	67.939	131	42	0	727	1119	1	131	1.07e-34	127
NC_015119.1:1426-2962	gi|402693634|gb|AFQ89884.1|	67.939	131	42	0	727	1119	1	131	1.07e-34	127
NC_015119.1:1426-2962	gi|402693638|gb|AFQ89886.1|	67.939	131	42	0	727	1119	1	131	1.07e-34	127
NC_015119.1:1426-2962	gi|402693620|gb|AFQ89877.1|	67.939	131	42	0	727	1119	1	131	1.07e-34	127
NC_015119.1:1426-2962	gi|402693624|gb|AFQ89879.1|	67.939	131	42	0	727	1119	1	131	1.07e-34	127
NC_015119.1:1426-2962	gi|402693628|gb|AFQ89881.1|	67.939	131	42	0	727	1119	1	131	1.07e-34	127
NC_015119.1:1426-2962	gi|402693632|gb|AFQ89883.1|	67.939	131	42	0	727	1119	1	131	1.07e-34	127
NC_015119.1:1426-2962	gi|402693636|gb|AFQ89885.1|	67.939	131	42	0	727	1119	1	131	1.07e-34	127
NC_015119.1:1426-2962	gi|402693640|gb|AFQ89887.1|	67.939	131	42	0	727	1119	1	131	1.07e-34	127
NC_015119.1:1426-2962	gi|407724932|dbj|BAM45503.1|	66.412	131	44	0	727	1119	1	131	1.76e-34	127
NC_015119.1:1426-2962	gi|400532651|gb|AFP87310.1|	64.234	137	49	0	703	1113	2	138	2.97e-34	126
NC_015119.1:1426-2962	gi|400532642|gb|AFP87306.1|	63.380	142	51	1	703	1125	2	143	7.26e-34	125
NC_015119.1:1426-2962	gi|400532653|gb|AFP87311.1|	64.444	135	48	0	721	1125	1	135	8.60e-34	125
NC_015119.1:1426-2962	gi|334717114|gb|AEG91022.1|	65.649	131	45	0	727	1119	1	131	1.03e-32	122
NC_015119.1:1426-2962	gi|334717118|gb|AEG91024.1|	65.649	131	45	0	727	1119	1	131	1.03e-32	122
NC_015119.1:1426-2962	gi|334717112|gb|AEG91021.1|	65.649	131	45	0	727	1119	1	131	1.03e-32	122
NC_015119.1:1426-2962	gi|334717116|gb|AEG91023.1|	65.649	131	45	0	727	1119	1	131	1.03e-32	122
NC_015119.1:1426-2962	gi|334717120|gb|AEG91025.1|	65.649	131	45	0	727	1119	1	131	1.03e-32	122
NC_015119.1:1426-2962	gi|334717122|gb|AEG91026.1|	64.885	131	46	0	727	1119	1	131	1.57e-32	121
NC_015119.1:1426-2962	gi|334717126|gb|AEG91028.1|	64.885	131	46	0	727	1119	1	131	1.57e-32	121
NC_015119.1:1426-2962	gi|334717124|gb|AEG91027.1|	64.885	131	46	0	727	1119	1	131	1.57e-32	121
NC_015119.1:1426-2962	gi|334717128|gb|AEG91029.1|	64.885	131	46	0	727	1119	1	131	1.57e-32	121
NC_015119.1:1426-2962	gi|400532649|gb|AFP87309.1|	61.940	134	51	0	712	1113	1	134	2.12e-32	121
NC_015119.1:1426-2962	gi|334717132|gb|AEG91031.1|	64.122	131	47	0	727	1119	1	131	2.71e-32	120
NC_015119.1:1426-2962	gi|329556561|gb|AEB91966.1|	56.349	126	54	1	379	756	2	126	6.37e-32	119
NC_015119.1:1426-2962	gi|334717130|gb|AEG91030.1|	64.122	131	47	0	727	1119	1	131	1.59e-31	119
NC_015119.1:1426-2962	gi|400532640|gb|AFP87305.1|	62.319	138	51	1	724	1134	1	138	1.35e-30	116
NC_015119.1:1426-2962	gi|400532644|gb|AFP87307.1|	62.595	131	49	0	721	1113	1	131	1.90e-30	115
NC_015119.1:1426-2962	gi|407724934|dbj|BAM45504.1|	55.357	112	49	1	232	567	34	144	6.44e-29	112
NC_015119.1:1426-2962	gi|400532647|gb|AFP87308.1|	62.295	122	46	0	778	1143	5	126	1.94e-27	107
NC_015119.1:1426-2962	gi|401802775|gb|AFQ20727.1|	58.824	119	49	0	748	1104	1	119	2.00e-21	90.5
NC_015119.1:1426-2962	gi|335352272|gb|AEH42433.1|	56.410	117	51	0	745	1095	1	117	1.21e-19	85.1
NC_015119.1:1426-2962	gi|335352276|gb|AEH42435.1|	56.410	117	51	0	745	1095	1	117	1.21e-19	85.1
NC_015119.1:1426-2962	gi|335352280|gb|AEH42437.1|	56.410	117	51	0	745	1095	1	117	1.21e-19	85.1
NC_015119.1:1426-2962	gi|335352284|gb|AEH42439.1|	56.410	117	51	0	745	1095	1	117	1.21e-19	85.1
NC_015119.1:1426-2962	gi|335352274|gb|AEH42434.1|	56.410	117	51	0	745	1095	1	117	1.21e-19	85.1
NC_015119.1:1426-2962	gi|335352278|gb|AEH42436.1|	56.410	117	51	0	745	1095	1	117	1.21e-19	85.1
NC_015119.1:1426-2962	gi|335352282|gb|AEH42438.1|	56.410	117	51	0	745	1095	1	117	1.21e-19	85.1
NC_015119.1:1426-2962	gi|335352286|gb|AEH42440.1|	56.410	117	51	0	745	1095	1	117	1.21e-19	85.1
