NC_015119.1:1426-2962	gi|225622197|ref|YP_002725710.1|	61.712	444	169	1	4	1335	12	454	7.36e-147	432
NC_015119.1:1426-2962	gi|288903410|ref|YP_003434131.1|	61.991	442	167	1	10	1335	14	454	3.08e-146	430
NC_015119.1:1426-2962	gi|326536058|ref|YP_004300493.1|	62.443	442	165	1	10	1335	14	454	3.29e-146	430
NC_015119.1:1426-2962	gi|188011119|ref|YP_001905892.1|	61.312	442	170	1	10	1335	14	454	8.19e-146	429
NC_015119.1:1426-2962	gi|225622184|ref|YP_002725698.1|	61.486	444	170	1	4	1335	12	454	1.06e-145	429
NC_015119.1:1426-2962	gi|171260186|ref|YP_001795390.1|	61.538	442	169	1	10	1335	15	455	1.09e-145	429
NC_015119.1:1426-2962	gi|288903312|ref|YP_003434040.1|	61.991	442	167	1	10	1335	14	454	1.18e-145	429
NC_015119.1:1426-2962	gi|49146527|ref|YP_026087.1|	61.538	442	169	1	10	1335	14	454	1.71e-145	428
NC_015119.1:1426-2962	gi|296315379|emb|CAQ56159.1|	61.538	442	169	1	10	1335	14	454	1.85e-145	428
NC_015119.1:1426-2962	gi|160694986|ref|YP_001552232.1|COX1_21467	61.991	442	167	1	10	1335	14	454	1.97e-145	428
NC_015119.1:1426-2962	gi|288903231|ref|YP_003433879.1|	61.486	444	170	1	4	1335	12	454	2.06e-145	428
NC_015119.1:1426-2962	gi|19111755|ref|NP_579952.2|COX1_15956	61.261	444	171	1	4	1335	12	454	2.10e-145	428
NC_015119.1:1426-2962	gi|288903353|ref|YP_003434078.1|	61.312	442	170	1	10	1335	14	454	2.22e-145	428
NC_015119.1:1426-2962	gi|1169025|sp|P24893.2|COX1_CAEEL	61.991	442	167	1	10	1335	14	454	2.53e-145	427
NC_015119.1:1426-2962	gi|5834891|ref|NP_006961.1|COX1_10021	61.991	442	167	1	10	1335	14	454	2.53e-145	427
NC_015119.1:1426-2962	gi|288904191|ref|YP_003434456.1|	61.538	442	169	1	10	1335	14	454	2.67e-145	427
NC_015119.1:1426-2962	gi|30725263|ref|NP_851331.1|	61.765	442	168	1	10	1335	15	455	2.70e-145	427
NC_015119.1:1426-2962	gi|294368068|ref|YP_003433891.2|	61.765	442	168	1	10	1335	14	454	3.47e-145	427
NC_015119.1:1426-2962	gi|169160118|ref|YP_001700361.1|	61.538	442	169	1	10	1335	16	456	3.74e-145	427
NC_015119.1:1426-2962	gi|189095452|ref|YP_001936464.1|	61.312	442	170	1	10	1335	14	454	3.74e-145	427
NC_015119.1:1426-2962	gi|1169024|sp|P24881.2|COX1_ASCSU	61.086	442	171	1	10	1335	14	454	4.59e-145	427
NC_015119.1:1426-2962	gi|5834880|ref|NP_006949.1|COX1_10020	61.086	442	171	1	10	1335	14	454	4.59e-145	427
NC_015119.1:1426-2962	gi|288900706|ref|YP_003433739.1|	61.086	442	171	1	10	1335	14	454	5.23e-145	427
NC_015119.1:1426-2962	gi|357018118|ref|YP_004935169.1|	61.086	442	171	1	10	1335	14	454	7.82e-145	426
NC_015119.1:1426-2962	gi|357018150|ref|YP_004935200.1|	61.086	442	171	1	10	1335	14	454	1.01e-144	426
NC_015119.1:1426-2962	gi|116510836|ref|YP_817454.1|	62.443	442	165	1	10	1335	16	456	1.31e-144	426
NC_015119.1:1426-2962	gi|343198304|ref|YP_004778171.1|	60.586	444	174	1	4	1335	12	454	2.17e-144	425
NC_015119.1:1426-2962	gi|343198264|ref|YP_004778134.1|	60.586	444	174	1	4	1335	12	454	2.69e-144	425
NC_015119.1:1426-2962	gi|288900693|ref|YP_003433727.1|	61.538	442	169	1	10	1335	14	454	5.69e-144	424
NC_015119.1:1426-2962	gi|91176182|ref|YP_537096.1|	61.312	442	170	1	10	1335	14	454	5.69e-144	424
NC_015119.1:1426-2962	gi|255506273|ref|YP_003097109.1|	61.312	442	170	1	10	1335	14	454	7.63e-144	424
NC_015119.1:1426-2962	gi|296315392|emb|CAQ56171.1|	61.312	442	170	1	10	1335	14	454	9.48e-144	424
NC_015119.1:1426-2962	gi|296940316|ref|YP_003667994.1|	61.312	442	170	1	10	1335	14	454	9.48e-144	424
NC_015119.1:1426-2962	gi|288903285|ref|YP_003433929.1|	61.538	442	169	1	10	1335	14	454	1.09e-143	424
NC_015119.1:1426-2962	gi|19111767|ref|NP_579964.2|	60.586	444	174	1	4	1335	12	454	1.22e-143	423
NC_015119.1:1426-2962	gi|255506300|ref|YP_003097134.1|	61.538	442	169	1	10	1335	14	454	1.33e-143	423
NC_015119.1:1426-2962	gi|227437190|gb|ACP30394.1|	61.312	442	170	1	10	1335	14	454	1.88e-143	423
NC_015119.1:1426-2962	gi|317134156|ref|YP_004123396.1|	61.312	442	170	1	10	1335	14	454	1.88e-143	423
NC_015119.1:1426-2962	gi|288903193|ref|YP_003433803.1|	61.765	442	168	1	10	1335	14	454	3.76e-143	422
NC_015119.1:1426-2962	gi|288903218|ref|YP_003433826.1|	61.991	442	167	1	10	1335	14	454	1.01e-139	413
NC_015119.1:1426-2962	gi|399934471|gb|AFP58668.1|	60.271	443	174	2	10	1335	12	453	4.82e-138	409
NC_015119.1:1426-2962	gi|404333724|ref|YP_006702537.1|	60.271	443	174	2	10	1335	12	453	4.82e-138	409
NC_015119.1:1426-2962	gi|353526743|ref|YP_004927920.1|	60.181	442	175	1	10	1335	14	454	2.58e-135	402
NC_015119.1:1426-2962	gi|49147263|ref|YP_025921.1|	59.594	443	174	1	10	1323	3	445	8.94e-132	393
NC_015119.1:1426-2962	gi|347600388|ref|YP_004857909.1|	57.692	442	186	1	10	1335	15	455	9.97e-132	393
NC_015119.1:1426-2962	gi|13195746|ref|NP_077265.1|COX1_15606	55.166	513	227	1	4	1533	2	514	6.72e-131	390
NC_015119.1:1426-2962	gi|388892211|gb|AFK81032.1|	55.830	446	195	1	4	1335	2	447	2.53e-128	384
NC_015119.1:1426-2962	gi|404333640|ref|YP_006702459.1|	55.830	446	195	1	4	1335	2	447	2.53e-128	384
NC_015119.1:1426-2962	gi|385137017|ref|YP_006234076.1|	55.830	446	195	1	4	1335	2	447	1.28e-125	377
NC_015119.1:1426-2962	gi|388892225|gb|AFK81045.1|	54.709	446	200	1	4	1335	2	447	5.17e-125	375
NC_015119.1:1426-2962	gi|404333654|ref|YP_006702472.1|	54.709	446	200	1	4	1335	2	447	5.17e-125	375
NC_015119.1:1426-2962	gi|385099655|ref|YP_006234115.1|	54.484	446	201	1	4	1335	2	447	1.09e-122	369
NC_015119.1:1426-2962	gi|99878585|ref|YP_615042.1|	57.336	443	185	1	19	1335	4	446	1.84e-122	369
NC_015119.1:1426-2962	gi|343198277|ref|YP_004778146.1|	54.279	444	201	2	4	1335	12	453	3.47e-119	361
NC_015119.1:1426-2962	gi|207266411|ref|YP_002261325.1|	54.505	444	200	2	7	1335	11	453	2.01e-118	359
NC_015119.1:1426-2962	gi|258649594|ref|YP_003204882.1|	53.759	439	202	1	19	1335	11	448	2.42e-118	358
NC_015119.1:1426-2962	gi|99878741|ref|YP_615048.1|	54.933	446	189	3	19	1335	4	444	1.20e-115	351
NC_015119.1:1426-2962	gi|353526756|ref|YP_004927932.1|	55.982	443	193	2	10	1335	9	450	1.99e-115	351
NC_015119.1:1426-2962	gi|119637801|ref|YP_918966.1|	58.145	442	179	3	19	1329	4	444	3.81e-115	350
NC_015119.1:1426-2962	gi|119360188|ref|YP_913163.1|	56.818	440	184	4	25	1329	2	440	5.99e-113	344
NC_015119.1:1426-2962	gi|119655310|ref|YP_918977.1|	57.014	442	184	3	19	1329	6	446	6.53e-113	344
NC_015119.1:1426-2962	gi|124286770|ref|YP_001023661.1|	53.795	448	203	1	4	1335	5	452	2.65e-111	340
NC_015119.1:1426-2962	gi|110082720|ref|YP_665490.1|	54.831	445	196	2	13	1335	1	444	1.62e-110	338
NC_015119.1:1426-2962	gi|353526730|ref|YP_004927908.1|	50.000	444	219	2	10	1335	16	458	4.04e-107	330
NC_015119.1:1426-2962	gi|393716480|gb|AFN20656.1|	47.846	441	227	2	19	1335	18	457	2.33e-103	321
NC_015119.1:1426-2962	gi|400201800|ref|YP_006576256.1|	47.846	441	227	2	19	1335	18	457	2.33e-103	321
NC_015119.1:1426-2962	gi|307557814|gb|ADN52139.1|	48.073	441	226	2	19	1335	18	457	1.77e-102	318
NC_015119.1:1426-2962	gi|357018107|ref|YP_004935159.1|	48.073	441	226	2	19	1335	18	457	1.77e-102	318
NC_015119.1:1426-2962	gi|332164905|gb|AEE11945.1|	49.206	441	221	2	19	1335	18	457	2.27e-102	318
NC_015119.1:1426-2962	gi|357017815|ref|YP_004934847.1|	49.206	441	221	2	19	1335	18	457	2.27e-102	318
NC_015119.1:1426-2962	gi|5835446|ref|NP_008370.1|COX1_13186	48.753	441	223	2	19	1335	18	457	2.66e-102	318
NC_015119.1:1426-2962	gi|40548803|ref|NP_954717.1|	48.526	441	224	2	19	1335	18	457	4.96e-102	317
NC_015119.1:1426-2962	gi|307557827|gb|ADN52151.1|	47.619	441	228	2	19	1335	18	457	7.94e-102	317
NC_015119.1:1426-2962	gi|357018133|ref|YP_004935183.1|	47.619	441	228	2	19	1335	18	457	7.94e-102	317
NC_015119.1:1426-2962	gi|307375469|gb|ADN43962.1|	48.299	441	225	2	19	1335	18	457	2.53e-101	315
NC_015119.1:1426-2962	gi|357017996|ref|YP_004935014.1|	48.299	441	225	2	19	1335	18	457	2.53e-101	315
NC_015119.1:1426-2962	gi|299828995|ref|YP_003734888.1|	48.299	441	225	2	19	1335	18	457	3.20e-101	315
NC_015119.1:1426-2962	gi|302424149|gb|ADL39026.1|	48.299	441	225	2	19	1335	17	456	3.47e-101	315
NC_015119.1:1426-2962	gi|306960080|ref|YP_003875468.1|	48.299	441	225	2	19	1335	17	456	3.47e-101	315
NC_015119.1:1426-2962	gi|23395808|ref|NP_694905.1|	47.619	441	228	2	19	1335	18	457	9.14e-101	314
NC_015119.1:1426-2962	gi|406362774|dbj|BAM44915.1|	62.021	287	109	0	232	1092	8	294	4.08e-87	270
NC_015119.1:1426-2962	gi|406362778|dbj|BAM44917.1|	62.021	287	109	0	232	1092	8	294	4.08e-87	270
NC_015119.1:1426-2962	gi|406362782|dbj|BAM44919.1|	62.021	287	109	0	232	1092	8	294	4.08e-87	270
NC_015119.1:1426-2962	gi|406362776|dbj|BAM44916.1|	62.021	287	109	0	232	1092	8	294	4.08e-87	270
NC_015119.1:1426-2962	gi|406362780|dbj|BAM44918.1|	62.021	287	109	0	232	1092	8	294	4.45e-87	270
NC_015119.1:1426-2962	gi|224176451|dbj|BAH23580.1|	64.474	228	80	1	232	915	8	234	9.65e-75	236
NC_015119.1:1426-2962	gi|224176459|dbj|BAH23582.1|	64.474	228	80	1	232	915	8	234	9.65e-75	236
NC_015119.1:1426-2962	gi|224176447|dbj|BAH23579.1|	64.474	228	80	1	232	915	8	234	9.65e-75	236
NC_015119.1:1426-2962	gi|224176455|dbj|BAH23581.1|	64.474	228	80	1	232	915	8	234	9.65e-75	236
NC_015119.1:1426-2962	gi|256856180|dbj|BAI22683.1|	63.596	228	82	1	232	915	8	234	2.94e-74	235
NC_015119.1:1426-2962	gi|256856182|dbj|BAI22684.1|	63.596	228	82	1	232	915	8	234	2.94e-74	235
NC_015119.1:1426-2962	gi|283945429|dbj|BAI66460.1|	63.182	220	80	1	238	897	1	219	3.74e-70	224
NC_015119.1:1426-2962	gi|283945427|dbj|BAI66459.1|	63.182	220	80	1	238	897	1	219	3.74e-70	224
NC_015119.1:1426-2962	gi|283945431|dbj|BAI66461.1|	63.182	220	80	1	238	897	1	219	3.74e-70	224
NC_015119.1:1426-2962	gi|284507069|dbj|BAI67602.1|	64.091	220	78	1	238	897	1	219	4.63e-70	223
NC_015119.1:1426-2962	gi|284507063|dbj|BAI67601.1|	63.636	220	79	1	238	897	1	219	4.88e-70	223
NC_015119.1:1426-2962	gi|284507059|dbj|BAI67600.1|	63.636	220	79	1	238	897	1	219	6.45e-70	223
NC_015119.1:1426-2962	gi|404428917|gb|AFR68542.1|	63.551	214	78	0	643	1284	1	214	3.43e-68	218
NC_015119.1:1426-2962	gi|404428921|gb|AFR68544.1|	63.551	214	78	0	643	1284	1	214	3.43e-68	218
NC_015119.1:1426-2962	gi|404428915|gb|AFR68541.1|	63.551	214	78	0	643	1284	1	214	3.43e-68	218
NC_015119.1:1426-2962	gi|402234571|gb|AFQ37411.1|	63.551	214	78	0	643	1284	1	214	4.16e-68	218
NC_015119.1:1426-2962	gi|402234569|gb|AFQ37410.1|	63.551	214	78	0	643	1284	1	214	5.44e-68	218
NC_015119.1:1426-2962	gi|402234573|gb|AFQ37412.1|	63.551	214	78	0	643	1284	1	214	5.44e-68	218
NC_015119.1:1426-2962	gi|404428913|gb|AFR68540.1|	63.551	214	78	0	643	1284	1	214	5.44e-68	218
NC_015119.1:1426-2962	gi|404428925|gb|AFR68546.1|	63.551	214	78	0	643	1284	1	214	5.44e-68	218
NC_015119.1:1426-2962	gi|404428937|gb|AFR68552.1|	63.551	214	78	0	643	1284	1	214	5.44e-68	218
NC_015119.1:1426-2962	gi|404428941|gb|AFR68554.1|	63.551	214	78	0	643	1284	1	214	5.44e-68	218
NC_015119.1:1426-2962	gi|404428945|gb|AFR68556.1|	63.551	214	78	0	643	1284	1	214	5.44e-68	218
NC_015119.1:1426-2962	gi|404428953|gb|AFR68560.1|	63.551	214	78	0	643	1284	1	214	5.44e-68	218
NC_015119.1:1426-2962	gi|404428957|gb|AFR68562.1|	63.551	214	78	0	643	1284	1	214	5.44e-68	218
NC_015119.1:1426-2962	gi|404428961|gb|AFR68564.1|	63.551	214	78	0	643	1284	1	214	5.44e-68	218
NC_015119.1:1426-2962	gi|404428965|gb|AFR68566.1|	63.551	214	78	0	643	1284	1	214	5.44e-68	218
NC_015119.1:1426-2962	gi|404428973|gb|AFR68570.1|	63.551	214	78	0	643	1284	1	214	5.44e-68	218
NC_015119.1:1426-2962	gi|404428923|gb|AFR68545.1|	63.551	214	78	0	643	1284	1	214	5.44e-68	218
NC_015119.1:1426-2962	gi|404428927|gb|AFR68547.1|	63.551	214	78	0	643	1284	1	214	5.44e-68	218
NC_015119.1:1426-2962	gi|404428931|gb|AFR68549.1|	63.551	214	78	0	643	1284	1	214	5.44e-68	218
NC_015119.1:1426-2962	gi|404428935|gb|AFR68551.1|	63.551	214	78	0	643	1284	1	214	5.44e-68	218
NC_015119.1:1426-2962	gi|404428939|gb|AFR68553.1|	63.551	214	78	0	643	1284	1	214	5.44e-68	218
NC_015119.1:1426-2962	gi|404428943|gb|AFR68555.1|	63.551	214	78	0	643	1284	1	214	5.44e-68	218
NC_015119.1:1426-2962	gi|404428947|gb|AFR68557.1|	63.551	214	78	0	643	1284	1	214	5.44e-68	218
NC_015119.1:1426-2962	gi|404428959|gb|AFR68563.1|	63.551	214	78	0	643	1284	1	214	5.44e-68	218
NC_015119.1:1426-2962	gi|404428967|gb|AFR68567.1|	63.551	214	78	0	643	1284	1	214	5.44e-68	218
NC_015119.1:1426-2962	gi|404428975|gb|AFR68571.1|	63.551	214	78	0	643	1284	1	214	5.44e-68	218
NC_015119.1:1426-2962	gi|404428949|gb|AFR68558.1|	63.551	214	78	0	643	1284	1	214	5.61e-68	218
NC_015119.1:1426-2962	gi|404428969|gb|AFR68568.1|	63.551	214	78	0	643	1284	1	214	5.61e-68	218
NC_015119.1:1426-2962	gi|404428911|gb|AFR68539.1|	63.551	214	78	0	643	1284	1	214	5.61e-68	218
NC_015119.1:1426-2962	gi|404428919|gb|AFR68543.1|	63.551	214	78	0	643	1284	1	214	5.61e-68	218
NC_015119.1:1426-2962	gi|404428955|gb|AFR68561.1|	63.551	214	78	0	643	1284	1	214	5.61e-68	218
NC_015119.1:1426-2962	gi|404428971|gb|AFR68569.1|	63.551	214	78	0	643	1284	1	214	5.61e-68	218
NC_015119.1:1426-2962	gi|404428951|gb|AFR68559.1|	63.084	214	79	0	643	1284	1	214	2.88e-67	216
NC_015119.1:1426-2962	gi|404428963|gb|AFR68565.1|	63.084	214	79	0	643	1284	1	214	4.91e-67	216
NC_015119.1:1426-2962	gi|404428929|gb|AFR68548.1|	63.084	214	79	0	643	1284	1	214	7.68e-67	215
NC_015119.1:1426-2962	gi|402234575|gb|AFQ37413.1|	62.617	214	80	0	643	1284	1	214	2.79e-66	213
NC_015119.1:1426-2962	gi|404428933|gb|AFR68550.1|	62.617	214	80	0	643	1284	1	214	6.49e-66	213
NC_015119.1:1426-2962	gi|50981975|gb|AAT91657.1|	65.700	207	70	1	256	876	1	206	3.49e-63	205
NC_015119.1:1426-2962	gi|50981997|gb|AAT91668.1|	66.184	207	69	1	256	876	1	206	4.90e-63	205
NC_015119.1:1426-2962	gi|50982093|gb|AAT91716.1|	65.217	207	71	1	256	876	1	206	8.71e-63	204
NC_015119.1:1426-2962	gi|50981971|gb|AAT91655.1|	65.217	207	71	1	256	876	1	206	1.55e-62	203
NC_015119.1:1426-2962	gi|50982055|gb|AAT91697.1|	65.217	207	71	1	256	876	1	206	1.55e-62	203
NC_015119.1:1426-2962	gi|50982091|gb|AAT91715.1|	65.217	207	71	1	256	876	1	206	1.55e-62	203
NC_015119.1:1426-2962	gi|50981969|gb|AAT91654.1|	65.217	207	71	1	256	876	1	206	1.55e-62	203
NC_015119.1:1426-2962	gi|50981967|gb|AAT91653.1|	65.700	207	70	1	256	876	1	206	1.78e-62	203
NC_015119.1:1426-2962	gi|50982075|gb|AAT91707.1|	65.700	207	70	1	256	876	1	206	1.78e-62	203
NC_015119.1:1426-2962	gi|50982069|gb|AAT91704.1|	65.700	207	70	1	256	876	1	206	1.78e-62	203
NC_015119.1:1426-2962	gi|50982073|gb|AAT91706.1|	65.700	207	70	1	256	876	1	206	1.78e-62	203
NC_015119.1:1426-2962	gi|50982039|gb|AAT91689.1|	64.734	207	72	1	256	876	1	206	2.63e-62	203
NC_015119.1:1426-2962	gi|50982061|gb|AAT91700.1|	65.700	207	70	1	256	876	1	206	3.02e-62	202
NC_015119.1:1426-2962	gi|50982013|gb|AAT91676.1|	64.251	207	73	1	256	876	1	206	3.74e-62	202
NC_015119.1:1426-2962	gi|50982087|gb|AAT91713.1|	65.217	207	71	1	256	876	1	206	4.88e-62	202
NC_015119.1:1426-2962	gi|50982065|gb|AAT91702.1|	65.217	207	71	1	256	876	1	206	5.15e-62	202
NC_015119.1:1426-2962	gi|50982047|gb|AAT91693.1|	64.251	207	73	1	256	876	1	206	5.26e-62	202
NC_015119.1:1426-2962	gi|50982077|gb|AAT91708.1|	65.700	207	70	1	256	876	1	206	5.67e-62	202
NC_015119.1:1426-2962	gi|50981999|gb|AAT91669.1|	65.217	207	71	1	256	876	1	206	6.44e-62	202
NC_015119.1:1426-2962	gi|50982053|gb|AAT91696.1|	64.734	207	72	1	256	876	1	206	7.80e-62	202
NC_015119.1:1426-2962	gi|50981993|gb|AAT91666.1|	62.319	207	77	1	256	876	1	206	7.88e-62	202
NC_015119.1:1426-2962	gi|50981963|gb|AAT91651.1|	64.734	207	72	1	256	876	1	206	9.54e-62	201
NC_015119.1:1426-2962	gi|50982019|gb|AAT91679.1|	64.734	207	72	1	256	876	1	206	9.54e-62	201
NC_015119.1:1426-2962	gi|50982035|gb|AAT91687.1|	64.734	207	72	1	256	876	1	206	9.54e-62	201
NC_015119.1:1426-2962	gi|50982009|gb|AAT91674.1|	64.734	207	72	1	256	876	1	206	9.54e-62	201
NC_015119.1:1426-2962	gi|50982049|gb|AAT91694.1|	64.734	207	72	1	256	876	1	206	9.54e-62	201
NC_015119.1:1426-2962	gi|50982071|gb|AAT91705.1|	64.734	207	72	1	256	876	1	206	9.85e-62	201
NC_015119.1:1426-2962	gi|50981991|gb|AAT91665.1|	64.734	207	72	1	256	876	1	206	1.07e-61	201
NC_015119.1:1426-2962	gi|50981979|gb|AAT91659.1|	63.768	207	74	1	256	876	1	206	1.13e-61	201
NC_015119.1:1426-2962	gi|50981983|gb|AAT91661.1|	63.768	207	74	1	256	876	1	206	1.13e-61	201
NC_015119.1:1426-2962	gi|50982023|gb|AAT91681.1|	63.768	207	74	1	256	876	1	206	1.13e-61	201
NC_015119.1:1426-2962	gi|50981995|gb|AAT91667.1|	64.251	207	73	1	256	876	1	206	1.14e-61	201
NC_015119.1:1426-2962	gi|50982067|gb|AAT91703.1|	64.734	207	72	1	256	876	1	206	1.26e-61	201
NC_015119.1:1426-2962	gi|50981965|gb|AAT91652.1|	64.734	207	72	1	256	876	1	206	1.28e-61	201
NC_015119.1:1426-2962	gi|50982007|gb|AAT91673.1|	64.734	207	72	1	256	876	1	206	1.44e-61	201
NC_015119.1:1426-2962	gi|50982001|gb|AAT91670.1|	64.734	207	72	1	256	876	1	206	1.61e-61	201
NC_015119.1:1426-2962	gi|50981959|gb|AAT91649.1|	64.251	207	73	1	256	876	1	206	1.69e-61	201
NC_015119.1:1426-2962	gi|50982051|gb|AAT91695.1|	64.251	207	73	1	256	876	1	206	1.84e-61	201
NC_015119.1:1426-2962	gi|50982027|gb|AAT91683.1|	63.768	207	74	1	256	876	1	206	1.95e-61	201
NC_015119.1:1426-2962	gi|50981973|gb|AAT91656.1|	63.285	207	75	1	256	876	1	206	2.05e-61	201
NC_015119.1:1426-2962	gi|50981989|gb|AAT91664.1|	64.251	207	73	1	256	876	1	206	3.01e-61	200
NC_015119.1:1426-2962	gi|50981955|gb|AAT91647.1|	64.251	207	73	1	256	876	1	206	3.04e-61	200
NC_015119.1:1426-2962	gi|50982029|gb|AAT91684.1|	64.251	207	73	1	256	876	1	206	4.14e-61	200
