NC_015119.1:1426-2962	gi|336287921|gb|AEI30249.1|	47.222	36	17	1	641	742	136	171	2.29e-15	26.6
NC_015119.1:1426-2962	gi|336287923|gb|AEI30250.1|	47.222	36	17	1	641	742	136	171	2.29e-15	26.6
NC_015119.1:1426-2962	gi|336287885|gb|AEI30231.1|	47.222	36	17	1	641	742	136	171	8.02e-15	26.6
NC_015119.1:1426-2962	gi|336287889|gb|AEI30233.1|	47.222	36	17	1	641	742	136	171	8.02e-15	26.6
NC_015119.1:1426-2962	gi|336287893|gb|AEI30235.1|	47.222	36	17	1	641	742	136	171	8.02e-15	26.6
NC_015119.1:1426-2962	gi|336287901|gb|AEI30239.1|	47.222	36	17	1	641	742	136	171	8.02e-15	26.6
NC_015119.1:1426-2962	gi|336287909|gb|AEI30243.1|	47.222	36	17	1	641	742	136	171	8.02e-15	26.6
NC_015119.1:1426-2962	gi|336287913|gb|AEI30245.1|	47.222	36	17	1	641	742	136	171	8.02e-15	26.6
NC_015119.1:1426-2962	gi|336287883|gb|AEI30230.1|	47.222	36	17	1	641	742	136	171	8.02e-15	26.6
NC_015119.1:1426-2962	gi|336287887|gb|AEI30232.1|	47.222	36	17	1	641	742	136	171	8.02e-15	26.6
NC_015119.1:1426-2962	gi|336287891|gb|AEI30234.1|	47.222	36	17	1	641	742	136	171	8.02e-15	26.6
NC_015119.1:1426-2962	gi|336287899|gb|AEI30238.1|	47.222	36	17	1	641	742	136	171	8.02e-15	26.6
NC_015119.1:1426-2962	gi|336287903|gb|AEI30240.1|	47.222	36	17	1	641	742	136	171	8.02e-15	26.6
NC_015119.1:1426-2962	gi|336287907|gb|AEI30242.1|	47.222	36	17	1	641	742	136	171	8.02e-15	26.6
NC_015119.1:1426-2962	gi|336287911|gb|AEI30244.1|	47.222	36	17	1	641	742	136	171	8.02e-15	26.6
NC_015119.1:1426-2962	gi|336287905|gb|AEI30241.1|	47.222	36	17	1	641	742	136	171	9.29e-15	26.6
NC_015119.1:1426-2962	gi|336287915|gb|AEI30246.1|	47.222	36	17	1	641	742	136	171	1.16e-14	26.6
NC_015119.1:1426-2962	gi|336287919|gb|AEI30248.1|	47.222	36	17	1	641	742	136	171	1.16e-14	26.6
NC_015119.1:1426-2962	gi|336287881|gb|AEI30229.1|	47.222	36	17	1	641	742	136	171	3.06e-14	26.9
NC_015119.1:1426-2962	gi|336287897|gb|AEI30237.1|	47.222	36	17	1	641	742	136	171	3.06e-14	26.9
NC_015119.1:1426-2962	gi|336287895|gb|AEI30236.1|	47.222	36	17	1	641	742	136	171	3.06e-14	26.9
NC_015119.1:1426-2962	gi|336287917|gb|AEI30247.1|	47.222	36	17	1	641	742	136	171	3.09e-14	26.6
NC_015119.1:1426-2962	gi|402575841|gb|EJW69801.1|	41.096	73	43	0	697	915	16	88	8.27e-04	39.7
NC_015119.1:1426-2962	gi|402583242|gb|EJW77186.1|	40.698	86	24	2	862	1119	173	231	0.19	34.7
NC_015119.1:1426-2962	gi|324575316|gb|ADY49947.1|	39.286	28	17	0	76	159	1	28	1.4	29.3
NC_015119.1:1426-2962	gi|402583579|gb|EJW77523.1|	57.895	19	8	0	1279	1335	2	20	5.6	30.4
