Name	Email	Country
Grace	quis.diam.Pellentesque@ornareIn.edu	Antigua and Barbuda
Ferdinand	Suspendisse@nulla.edu	Bangladesh
Prescott	commodo.tincidunt.nibh@lacusvariuset.edu	Bolivia
Fulton	diam.Proin@acturpis.edu	Brunei
MacKensie	sapien@lacinia.edu	Curaçao
Barclay	ipsum.Suspendisse@tortorInteger.edu	Curaçao
Hillary	Mauris.nulla@Proin.edu	Egypt
Fitzgerald	ornare.Fusce@scelerisqueduiSuspendisse.net	Egypt
Moses	Quisque.imperdiet.erat@antelectusconvallis.edu	Finland
Levi	libero.dui.nec@dolorelitpellentesque.edu	Georgia
Callum	natoque.penatibus@nisl.edu	Ghana
Gemma	erat@sedhendrerit.edu	Greenland
Leilani	Maecenas.malesuada@nonummy.edu	Japan
Julian	semper.cursus.Integer@Sed.edu	Kazakhstan
Kennedy	Suspendisse.non.leo@consequat.edu	Malaysia
Caryn	scelerisque@vestibulum.edu	Martinique
Chava	ac.turpis@quisaccumsan.edu	Mozambique
Cally	tellus.Nunc@Donec.edu	Mozambique
Genevieve	elementum@ridiculusmus.edu	Puerto Rico
Jaquelyn	et@magnaaneque.edu	Saint Lucia
Mia	ligula.Nullam@ligula.edu	South Georgia and The South Sandwich Islands
Isadora	orci@estmollis.edu	Trinidad and Tobago
Beck	scelerisque@fringilla.edu	Turks and Caicos Islands
